Driver id;Name;Gender
1;Nakita Atherton;F
2;Lynsey Clegg;F
3;Rohit Meyer;M
4;Gabriela Mathis;F
5;Tomas Sanford;M
6;Tamara Boyce;F
7;Kairon Hart;M
8;Nolan Perkins;M
9;Lilly-Grace Donaldson;F
10;Lainey Mendez;F
11;Kurt Bloom;M
12;Kane Mckay;M
13;Humza Blackwell;M
14;Saul Drummond;M
15;Ezra Mejia;M
16;Benny Rogers;M
17;Mylah Kim;F
18;Kinga Leech;M
19;Gregory Frank;M
20;Darryl Denton;M
21;Natasha Acevedo;F
22;Angelo Castillo;M
23;Clyde Pike;M
24;Thiago Pitts;M
25;Jason Mcdonnell;M
26;Gabriel Ellis;F
27;Aston Hooper;M
28;Devon Lyon;M
29;Sahil O'Connor;M
30;Reagan Mcnally;F
31;Lyle Greenaway;M
32;Bartlomiej Acosta;M
33;Shannan Carrillo;F
34;Ammar O'Gallagher;M
35;Diana Bryan;F
36;Cosmo Dalton;M
37;Michele Rowland;F
38;Lennox Rivera;M
39;Benas Rossi;M
40;Leja Woods;F
41;Manveer Holding;M
42;Reem Worthington;F
43;Jemimah Whitfield;F
44;Kane Gunn;M
45;Monty Lutz;M
46;Derren Bouvet;F
47;Duke Hough;M
48;Yasmeen Adkins;F
49;Jarvis Fulton;M
50;Travis Dunlop;M
51;Rowan Amos;F
52;Etienne Schroeder;M
53;Carmel Iles;F
54;Ruari Flower;M
55;Anjali Herman;F
56;Abby Battle;F
57;Aled Travis;M
58;Divine Coleman;M
59;Aayat Beard;F
60;Talha Wharton;M
61;Marina Watson;F
62;Kennedy Halliday;M
63;Reo Fleming;F
64;Kelise Goldsmith;F
65;Manpreet Franks;M
66;Oakley Sparks;M
67;Robin Wormald;M
68;Claudia Haas;F
69;Rachael Haynes;F
70;Harlan Cross;M
71;Liberty Bradley;M
72;Shamima Hayden;F
73;Caelan Wilder;F
74;Myrtle Craft;F
75;Niamh Woodard;F
76;Alister Parks;M
77;Jedd Donnelly;M
78;Darcy Webster;M
79;Remi Barclay;M
80;Artur Holland;M
81;Melvin Wheatley;M
82;Ritik Pineda;M
83;Macauly Sandoval;M
84;Sharon Ahmed;F
85;Ashanti Farrington;F
86;Darlene Lindsay;F
87;Omer Atkinson;M
88;Paolo Edge;M
89;Zayyan Bonner;M
90;Sofija Juarez;F
91;Marcel Sexton;M
92;Aaryan Draper;M
93;Jocelyn Barrow;M
94;Nimrah Wheatley;F
95;Tracy Bains;M
96;Kier Sullivan;M
97;Stacie Cardenas;F
98;Cienna Neale;F
99;Tahlia Forster;F
100;Cecil Firth;M
101;Anas Lucas;M
102;Enrico Richmond;M
103;Arnas Sierra;M
104;Teddie Cochran;M
105;Jodi Cantrell;M
106;Rahma Schwartz;F
107;Lily-Rose Wagner;F
108;Jokubas Begum;M
109;Marshall Mcgrath;M
110;Arnie Frey;M
111;Alyx Vincent;M
112;Sidrah Flores;F
113;Tyler Harrington;M
114;Kelvin Malone;M
115;Amara Rollins;F
116;Andre Lott;M
117;Shawn Mcfadden;M
118;Santino Fields;M
119;Aria Wormald;M
120;Honey Mayo;F
121;Areeb Zamora;M
122;Dominik Guthrie;M
123;Gruffydd Harvey;M
124;Jonty Vargas;M
125;Chay Parry;M
126;Lewis Terry;M
127;Farhaan Norris;M
128;Bryn Ortega;M
129;Mujtaba Flowers;M
130;Tyson Holder;M
131;Pierce Middleton;M
132;Huxley Finnegan;M
133;Maksim Ramsey;M
134;Cherry Burks;F
135;Kacper Xiong;M
136;Gregor Bruce;M
137;Amba Levine;F
138;Tristan Bernal;M
139;Ophelia Bourne;F
140;Elyse Swanson;F
141;Romy Byrne;F
142;Isaac Swanson;M
143;Aydin Briggs;M
144;Rita Villarreal;F
145;Nell Marshall;F
146;Bethany Hutton;F
147;Georgia Pearce;F
148;Pearce Levy;M
149;Atif Hook;M
150;Matthias Ellison;M
151;Milo Harwood;M
152;Huzaifa Nicholson;M
153;Ruby-Leigh Howells;F
154;Jordan Greenaway;M
155;Chandler Sargent;M
156;Shantelle Hanson;F
157;Charity Clarke;M
158;Oluwatobiloba Simon;M
159;Franco Cruz;M
160;Cayden Levine;M
161;Maxwell Bowler;M
162;Rose Emery;F
163;Mica Portillo;M
164;Manuel Farrington;M
165;Michael Pittman;M
166;Gabriel Dickinson;M
167;Aaliyah Franco;F
168;Tiernan Barajas;M
169;Koa Bowes;M
170;Makenzie Houston;M
171;Usama Mckee;M
172;Nel Ratliff;M
173;Charis Roy;F
174;Jimmie Mckee;M
175;Oran Collier;M
176;Yousuf Haas;M
177;Bridget Roberson;F
178;Rafferty Ramos;M
179;Ayat Edwards;M
180;Darin Rodriguez;M
181;Carrie Kinney;F
182;Oskar Hodgson;M
183;Kaydon Reeves;M
184;Solomon Merritt;M
185;Andrea Sheppard;F
186;Hussain Knox;M
187;Gideon Schultz;M
188;Abigale Finney;F
189;Misha Ferrell;F
190;Christie Booker;M
191;Arthur Goff;M
192;Neelam Weir;F
193;Montel Le;M
194;Tyla Peel;M
195;Nahla Colley;F
196;Josiah Davila;M
197;Allen Hammond;M
198;Nabeela Broadhurst;F
199;Jordana Kearns;F
200;Warren Hutchings;M
201;Michele Waters;M
202;Samson Park;M
203;Lianne Morrison;F
204;Kuba Evans;M
205;Simone Sellers;M
206;Eli Mclellan;M
207;Emmie Kaufman;F
208;Selin Lowry;F
209;Emily-Rose Suarez;F
210;Zayaan Abbott;M
211;Fahmida Mahoney;F
212;Kenneth Grey;M
213;Amir Howell;M
214;Yahya Sumner;M
215;Malakai Grey;M
216;Tony Ellwood;M
217;Alfie-Lee Bush;M
218;Daanish Bright;M
219;Shamas Hawes;M
220;Carl Perez;M
221;Albie Beech;M
222;Mylie Hill;M
223;Korey Dickerson;M
224;Tiya Mckeown;F
225;Ingrid Moses;M
226;Clive Justice;M
227;Aarron Rawlings;M
228;Marnie Blaese;F
229;Firat Robertson;M
230;Avleen Chester;F
231;Corbin Major;M
232;Luella Norman;F
233;Dolcie Harrison;F
234;Jawad Hensley;M
235;Ellouise Regan;F
236;Uzma Reid;F
237;Rhodri Osborn;M
238;Atlas Bryan;M
239;Emma-Louise Emerson;F
240;Mahnoor Monaghan;F
241;Kiya Hills;F
242;Zishan Greer;M
243;Bernice Cole;F
244;Veronica Jaramillo;F
245;Danial Weston;M
246;Ayoub Rankin;M
247;Ainsley Wicks;M
248;Teddy Dodd;M
249;Isabella Nguyen;F
250;Luke Farrow;M
251;Sana Guthrie;M
252;Eesa Dixon;M
253;Dorothy Little;F
254;Muhamed Kendall;M
255;Jadon Whitaker;M
256;Rafi Decker;M
257;Devin Bray;F
258;Chaim Griffith;M
259;Brielle Hartley;F
260;Lester Guerra;M
261;Hashir Brock;M
262;Kierran Davenport;M
263;Rajan Sears;M
264;Hanna Tyson;F
265;Kerrie Daly;F
266;Yousif Hilton;M
267;Ishaan Dickens;M
268;Parris Ward;F
269;Tommie Blanchard;M
270;Essa Grainger;M
271;Sana Davidson;M
272;Chaya Miller;F
273;Anisah Heath;F
274;Tayler Mccallum;M
275;Alana Crawford;F
276;Tierney Frey;F
277;Frankie Stephens;F
278;Leo Rojas;M
279;Harvir Kouma;M
280;Ayaan David;M
281;Ben Hartman;M
282;Rajveer Pineda;M
283;Mali Avery;M
284;Mattie Garza;M
285;Sanjeev Snider;M
286;Paris Sparks;M
287;Marcos Mcleod;M
288;Jerry Little;M
289;Nella Mcpherson;F
290;Kerry Draper;F
291;Kealan Parkes;M
292;Zakariya Millington;M
293;Zeynep Parsons;F
294;Benito Pace;M
295;Tariq Bate;M
296;Amir Walters;M
297;Katerina Barnes;M
298;Maurice Armstrong;M
299;Omar Baldwin;M
300;Dewi Fox;M
